Time (ms),X-accel (g),Y-accel (g),Z-accel (g),X-gyro (deg/sec),Y-gyro (deg/sec),Z-gyro (deg/sec),Temperature (deg C),Pressure (hPa),Altitude (m),Relative Humidity (%),
6503,3.25,-1.52,9.12,0.07,0.09,-0.22,24.4,996.75,138.29,30.61,
6616,1.9,-2.65,7.76,-0.07,0.53,0.11,24.4,996.78,138.07,30.61,
6728,2.08,-0.95,9.18,-0.03,0,-0.17,24.4,996.77,138.16,30.63,
6840,1.68,-2.37,8.7,0,0.09,0.13,24.41,996.76,138.17,30.61,
6952,1.21,-1.8,9.02,-0.16,-0.11,-0.13,24.4,996.75,138.27,30.61,
7065,1.95,-2.16,7.95,-0.04,-0.02,-0.03,24.4,996.76,138.21,30.61,
7179,2.27,-1.7,8.83,0.05,-0.11,-0.08,24.4,996.76,138.23,30.62,
7291,2.09,-2.19,9.02,-0.04,0.08,-0.06,24.4,996.74,138.34,30.62,
7403,2.04,-1.65,9.19,-0.1,0.02,-0.04,24.41,996.77,138.09,30.57,
7516,1.53,-2.1,8.97,-0.13,0.14,-0.06,24.41,996.75,138.27,30.64,
7628,1.05,-2.85,8.84,-0.41,0,0.07,24.41,996.76,138.24,30.61,
7741,2.33,-4.35,7.74,-0.15,-0.27,0.3,24.41,996.77,138.15,30.62,
7854,1.77,-3.34,9.39,0.14,-0.05,0.14,24.41,996.76,138.2,30.61,
7965,2.92,-1.96,8.77,0.03,-0.19,0.05,24.41,996.76,138.21,30.6,
8078,3.36,-1.42,7.78,-0.34,-0.03,0,24.41,996.74,138.39,30.6,
8190,1.88,-4.42,9.5,-0.27,0.07,-0.2,24.41,996.75,138.26,30.68,
8303,2.55,-3.14,8.16,0.12,-0.01,-0.01,24.41,996.76,138.2,30.6,
8416,4.07,-2.39,7.65,0.03,0.13,0.06,24.41,996.75,138.32,30.61,
8528,2.12,-3.4,8.52,-0.08,0,-0.03,24.41,996.74,138.36,30.61,
8641,2.18,-3.01,8.54,0.06,0.06,0.04,24.41,996.76,138.17,30.6,
8753,2.29,-2.87,8.56,-0.01,0.11,-0.01,24.41,996.77,138.1,30.61,
8865,1.18,-2.18,9.81,0.16,0.18,0.08,24.41,996.74,138.39,30.61,
8978,1.65,-2.92,8.8,0.1,-0.18,0.19,24.41,996.74,138.42,30.59,
9091,1.94,-3.14,8.4,0.22,-0.05,0.16,24.41,996.77,138.08,30.6,
9202,6.41,-9.42,-0.1,-0.09,1.31,0.25,24.41,996.74,138.36,30.61,
9315,1.69,-2.31,9.32,-0.11,-0.05,-0.01,24.42,996.76,138.19,30.61,
9428,2,-2.58,8.79,-0.03,0.08,-0.04,24.42,996.75,138.3,30.62,
9540,2.04,-1.84,6.62,-0.23,-0.03,-0.18,24.42,996.76,138.24,30.63,
9654,-0.64,-5.52,8.09,-0.37,0.05,-0.6,24.43,996.78,138.24,30.6,
9766,1.31,-2.19,9.49,-0.05,-0.75,0.1,24.43,996.76,138.18,30.63,
9879,5.8,-2.72,9.63,0.35,-0.39,0.59,24.43,996.79,137.95,30.64,
9992,19.61,18.56,19.61,0.04,1.57,0.41,24.42,996.76,138.18,30.64,
10104,1.18,-4.99,7.65,-0.1,0.15,0.87,24.43,996.75,138.26,30.64,
10216,0.95,-2.99,9.44,0.56,-0.62,0.68,24.43,996.76,138.24,30.66,
10329,2.28,-2.83,7.46,-0.35,-0.44,0.48,24.43,996.78,138.05,30.7,
10442,2.65,-3.88,8.49,0.36,-0.13,0.32,24.43,996.78,138.07,30.67,
10554,0.76,-3.82,8.53,0.41,-0.41,0.35,24.42,996.77,138.08,30.68,
10667,5.75,-4.2,8.99,1.16,-0.64,0.2,24.43,996.79,137.97,30.68,
10779,5.66,-1.13,7.1,-0.28,0.05,-0.44,24.43,996.77,138.11,30.69,
10893,2.99,-3.44,9.38,0.08,0.13,-0.36,24.42,996.78,138.07,30.7,
11004,4.58,-1.1,7.75,0.44,-0.02,-0.06,24.43,996.77,138.15,30.76,
11118,1.93,1.04,8.61,0.33,0.21,-0.25,24.42,996.77,138.11,30.83,
11231,4.03,0.19,8.5,0.66,0.12,-0.24,24.43,996.76,138.2,30.83,
11342,3.77,1.41,9.92,0.31,0.12,-0.64,24.43,996.77,138.15,30.91,
11455,2.69,1.71,9.11,-0.14,0.2,0.02,24.43,996.81,137.76,30.98,
11568,3.86,1.02,9.74,-0.02,-0.04,-0.09,24.43,996.74,138.36,31.06,
11680,4.28,2.31,5.9,-0.78,0.17,0.71,24.43,996.78,138.06,31.12,
11793,4.14,5.41,4.24,0.2,-0.32,-0.57,24.43,996.86,137.38,31.16,
11906,3.89,0.42,9.9,-0.3,-0.27,-0.29,24.43,996.79,137.94,31.17,
12018,10.42,-4.03,8.59,0.06,0.15,-0.34,24.43,996.89,137.11,31.2,
12132,2.66,1.44,12.71,0.08,0.19,0.1,24.43,996.86,137.32,31.23,
12244,2.57,-0.56,7.26,-0.07,-0.07,0.01,24.44,996.89,137.15,31.25,
12357,4.12,0.39,10.46,-0.05,0.02,0,24.43,996.75,138.31,31.28,
12470,3.76,-0.79,9.06,0.2,0.1,0.25,24.44,996.85,137.4,31.26,
12582,3.97,1,17.58,0.06,0.96,0.31,24.44,996.94,136.7,31.29,
12694,4.33,-1.23,9.36,0.55,0.01,1.3,24.43,997.76,129.74,31.33,
12807,1.59,-0.43,5.08,-0.14,-0.02,-0.34,24.43,998.29,125.27,31.34,
12921,3.66,0.13,11.83,-0.06,0.02,-0.18,24.43,996.91,136.97,31.33,
13034,2.09,-3.56,15.19,-0.03,0.89,0.15,24.44,997.3,133.68,31.33,
13147,3.81,-0.14,8.19,-0.01,0.04,-0.06,24.44,996.74,138.4,31.31,
13260,3.6,0.45,8.54,-0.03,0,-0.01,24.44,996.75,138.25,31.29,
13373,3.3,0.14,8.64,-0.07,0,0.02,24.43,996.78,138.07,31.25,
13485,2.36,-1.13,6.48,0.04,-0.02,0.01,24.44,996.84,137.55,31.22,
13597,2.8,-0.34,8.42,-0.04,0.03,0.08,24.44,996.76,138.21,31.2,
13710,3.32,-0.2,8.71,0,0,-0.05,24.44,996.74,138.41,31.18,
13822,3.49,0.05,8.78,-0.02,0.02,0,24.44,996.78,138.04,31.15,
13934,3.43,-0.07,8.64,-0.02,0.02,0.01,24.44,996.77,138.1,31.17,
14047,3.33,0.22,8.67,-0.07,0.03,0.01,24.44,996.77,138.1,31.11,
14159,2.84,0.39,8.97,-0.04,0,-0.01,24.44,996.78,138.01,31.1,
14272,3.33,0.28,8.67,-0.03,0.02,-0.01,24.45,996.78,138.01,31.07,
14385,3.35,-0.04,8.76,-0.02,0.02,0,24.45,996.77,138.12,31.06,
14496,3.35,-0.13,8.54,-0.03,0.04,-0.01,24.45,996.77,138.08,31.05,
14610,1.62,1.86,4.73,-0.07,-0.23,0.01,24.45,996.77,138.14,30.99,
14723,4.17,0.42,8.39,-0.02,0.06,-0.02,24.45,996.74,138.38,30.97,
14834,3.94,0.2,8.63,-0.04,0.12,0.05,24.45,996.75,138.25,30.99,
14947,3.05,-0.18,8.64,-0.01,-0.01,-0.03,24.45,996.74,138.39,30.97,
15062,3.7,0.12,9.38,-0.04,0.03,0.01,24.45,996.77,138.16,30.96,
15173,2.95,-1.34,10.73,0.06,-0.05,0,24.45,996.76,138.23,30.95,
15287,9.1,-3.38,1.81,0.06,0.63,-0.03,24.45,996.77,138.12,30.96,
15399,3.15,-0.18,8.94,-0.07,0.03,-0.04,24.45,996.76,138.08,31,
15512,4,-0.91,8.86,-0.02,-0.01,0.04,24.45,996.77,138.09,30.9,
15625,3.09,-0.05,8.75,-0.01,0.04,-0.02,24.45,996.78,138.03,30.89,
15738,3.39,0.04,8.66,-0.02,-0.02,-0.02,24.45,996.77,138.11,30.88,
15851,2.97,0.3,8.15,-0.02,0,0,24.46,996.76,138.2,30.88,
15964,3.22,0.13,8.57,-0.03,0.02,-0.01,24.46,996.76,138.21,30.87,
16076,3.49,0.12,8.35,-0.03,0.01,0,24.46,996.79,137.97,30.84,
16189,3.3,0.03,8.75,-0.01,0.03,0,24.46,996.79,137.94,30.83,
16301,3.29,0.24,8.72,0,0.02,0.04,24.45,996.78,138,30.83,
16413,2.98,-0.23,8.77,-0.04,0.06,0,24.46,996.76,138.21,30.83,
16527,3.09,1.13,9.42,-0.01,0.01,0.03,24.46,996.77,138.11,30.82,
16638,2.72,-0.54,8.85,-0.04,0,-0.02,24.46,996.78,138,30.82,
16752,3.43,-0.3,8.61,-0.04,0.02,0,24.46,996.79,137.93,30.88,
16865,3.93,3.31,9.95,-0.09,0.05,0.05,24.46,996.78,138,30.85,
16976,3.38,0.6,8.61,-0.03,0.01,-0.04,24.46,996.81,137.77,30.8,
17089,3.64,0.22,8.58,-0.01,0.03,0.03,24.46,996.8,137.88,30.8,
17202,3.5,-0.35,8.2,0.07,-0.02,0.09,24.46,996.78,138.04,30.79,
17314,3.24,0.21,8.77,0.03,-0.04,0.07,24.46,996.8,137.91,30.79,
17426,3.37,-0.06,8.24,-0.1,0.12,0.05,24.46,996.78,138.03,30.8,
17539,3.39,0.3,8.77,0,0.01,0.04,24.46,996.82,137.71,30.66,
17651,3.8,0.67,9.27,0.14,-0.02,0.25,24.46,996.79,137.93,30.77,
17764,4.72,0.94,7.85,-0.07,0,0.04,24.46,996.84,137.54,30.76,
17876,3.34,-0.13,8.55,-0.02,-0.02,-0.01,24.46,996.78,138.03,30.76,
17990,2.81,0.31,10.38,0.08,-0.08,0.04,24.47,996.79,137.95,30.76,
18103,2.74,-0.42,5.49,-0.01,0.05,0.06,24.46,996.8,137.83,30.76,
18215,2.82,0.45,9.17,0.06,-0.02,0.1,24.47,996.81,137.81,30.8,
18327,3.93,-0.06,11.44,0.06,-0.01,0.35,24.46,996.76,138.2,30.74,
18441,3.74,0.19,7.85,0.13,0.02,0.61,24.46,996.88,137.19,30.75,
18553,-3.09,1.07,5.87,-0.05,0.05,0.03,24.47,996.8,137.9,30.74,
18665,4.76,0.16,7.92,-0.21,0.02,-0.76,24.47,996.77,138.13,30.74,
18778,3.61,0.05,8.61,-0.01,0.02,0.02,24.47,996.77,138.09,30.73,
18890,3.41,0.64,8.25,-0.09,-0.02,-0.23,24.47,996.78,138.03,30.73,
19003,3.32,0.55,9.34,-0.05,0,-0.01,24.47,996.77,138.2,30.69,
19117,3.51,0.48,8.4,-0.02,0.01,-0.02,24.47,996.77,138.11,30.71,
19229,3.37,-0.18,8.62,0.02,0,0.13,24.46,996.76,138.18,30.69,
19341,3.3,0.01,8.79,-0.02,0.02,-0.01,24.46,996.77,138.12,30.68,
19453,2.44,-0.41,7.48,-0.04,0.04,0,24.47,996.79,137.94,30.67,
19567,3.14,-0.46,8.94,-0.05,0.01,-0.12,24.47,996.74,138.37,30.66,
19680,3.26,-0.04,8.66,-0.03,0.02,0,24.47,996.76,138.18,30.65,
19792,3.52,0.46,8.6,-0.01,0.02,0.02,24.47,996.79,137.97,30.64,
19905,3.22,0.42,8.77,0.01,0.01,0.03,24.47,996.75,138.26,30.62,
20018,3.49,0.21,8.91,-0.03,0.02,-0.03,24.47,996.73,138.47,30.62,
20130,3.28,0.59,8.99,-0.02,0.01,0,24.47,996.77,138.16,30.61,
20243,3.33,0.34,8.7,-0.02,0.02,-0.01,24.47,996.75,138.3,30.6,
20355,3.34,0.17,8.69,-0.02,0.03,-0.01,24.47,996.78,138.07,30.6,
20467,2.11,-0.15,9.42,0.11,-0.01,0.39,24.47,996.71,138.62,30.61,
20580,1.02,-0.64,-1.54,0.17,0.13,0.44,24.47,996.74,138.33,30.58,
20692,6.14,2.78,12.01,0.42,-0.54,0.96,24.47,996.21,142.86,30.58,
20804,3.95,-0.3,7.86,-0.02,0.18,0.14,24.47,996.86,137.33,30.58,
20917,6.04,-1.6,7.17,0.01,0,0.05,24.47,996.74,138.4,30.57,
21029,4.44,0.88,7.74,0.04,0.03,0,24.47,996.77,138.11,30.56,
21142,2.59,3.75,9.55,-0.09,-0.33,-0.22,24.47,996.76,138.18,30.51,
21255,3.06,0.59,8.57,0,0.06,0.04,24.47,996.78,138.03,30.56,
21367,3.15,-0.06,8.75,-0.02,0.01,-0.01,24.47,996.78,138,30.56,
21480,3.06,-0.41,8.78,0,-0.01,-0.03,24.47,996.77,138.16,30.56,
21594,2.99,0.15,9.1,-0.03,0.01,0.01,24.48,996.75,138.28,30.56,
21706,3.08,0.03,8.74,-0.02,0.01,-0.01,24.47,996.78,138.08,30.56,
21818,3.29,-1.02,5.83,0.19,0.15,0.75,24.47,996.77,138.1,30.5,
21931,-4.65,-10.44,3.02,-0.01,0.07,0.05,24.48,996.84,137.53,30.57,
22045,3.13,-1.53,5.79,0.06,0.09,0.3,24.48,996.53,140.11,30.58,
22157,3.36,0.29,8.66,-0.03,0.02,-0.02,24.48,996.45,140.85,30.6,
22269,3.07,0.18,9,-0.02,0.03,-0.02,24.48,996.81,137.74,30.61,
22382,3.37,0.53,8.66,-0.02,0.01,-0.01,24.48,996.81,137.78,30.64,
22495,3.19,0.51,8.75,-0.01,0.02,0,24.48,996.81,137.82,30.66,
22607,3.23,0.05,8.8,-0.03,0.02,-0.01,24.48,996.8,137.96,30.6,
22719,3.41,-0.35,8.49,-0.03,0.02,-0.02,24.48,996.81,137.77,30.7,
22833,-0.62,-0.96,-3.34,-0.14,-0.09,-0.34,24.48,996.78,138.02,30.71,
22948,11.63,2.7,9.41,-0.04,0.48,0.28,24.48,995.92,145.27,30.73,
23061,4.07,-0.39,8.67,-0.03,0.06,-0.03,24.49,996.75,138.3,30.75,
23175,3.71,0.09,7.13,-0.05,0.04,-0.16,24.49,996.82,137.73,30.8,
23286,1.88,0.21,9.25,-0.08,0.02,-0.17,24.49,996.85,137.49,30.75,
23399,2.83,0.92,6.76,0.01,-0.02,0.17,24.49,996.81,137.81,30.85,
23512,5.19,2.41,12.99,-0.05,0.12,-0.07,24.49,996.81,137.81,30.87,
23624,5.14,0.79,8.01,-0.06,-0.01,-0.19,24.49,996.77,138.13,30.88,
23738,3.51,0.29,8.43,-0.07,0.02,-0.21,24.49,996.83,137.61,30.9,
23851,3.03,-0.1,8.49,0,-0.01,0.08,24.49,996.79,137.94,30.93,
23963,2.88,1.16,8.39,0.03,0.04,0.18,24.5,996.79,137.91,30.88,
24076,2.83,-0.34,8.78,-0.03,-0.01,-0.11,24.5,996.81,137.79,30.97,
24189,19.61,19.61,19.61,4.37,4.37,2.64,24.5,996.8,137.87,30.98,
24303,2.19,-0.22,9.04,0.15,-0.18,0.48,24.49,996.92,136.87,31.01,
24415,2.53,2.59,9.17,-0.08,0.03,0.07,24.5,996.79,137.92,31.03,
24527,4.28,0.12,8.58,0,0.01,0.05,24.5,996.84,137.53,31.03,
24640,5.6,0.91,8.88,0.11,-0.05,0.45,24.5,996.81,137.81,31.03,
24753,3.41,0.14,8.39,-0.03,0.01,-0.04,24.5,996.81,137.8,31.04,
24865,2.83,0.56,7.88,0.1,-0.02,0.11,24.51,996.82,137.72,31.08,
24977,3.41,0.79,6.44,-0.17,0.12,-0.1,24.51,996.81,137.82,31.08,
25090,3.21,0.57,8.76,-0.07,-0.05,-0.09,24.51,996.81,137.81,31.09,
25203,2.39,-0.88,8.84,-0.06,0.06,-0.09,24.51,996.82,137.74,31.09,
25316,2.39,-0.05,8.89,0,0.11,-0.03,24.51,996.82,137.67,31.08,
25428,2.43,-1.24,5.95,-0.05,0.12,-0.12,24.52,996.83,137.61,31.02,
25541,3.71,-0.76,8.82,-0.04,0.02,-0.06,24.52,996.82,137.66,31.09,
25655,3.09,-4.05,1.29,0.36,0.12,1,24.52,996.8,137.83,31.1,
25766,2.71,1.01,9.28,-0.01,-0.01,0.08,24.52,996.83,137.6,31.1,
25879,2.52,-0.55,9.19,0.05,0.05,0.21,24.52,996.81,137.82,31.1,
25992,1.33,-0.75,8.77,-0.05,0.06,0.12,24.52,996.81,137.77,31.11,
26104,2.54,0.4,9.12,0.14,0.04,0.5,24.52,996.8,137.89,31.12,
26217,3.33,-0.08,8.51,0.08,0,0.32,24.52,996.84,137.57,31.09,
26329,4.86,1.57,9.98,-0.2,-0.07,-0.76,24.52,996.78,138.02,31.12,
26442,4.15,0.58,8.65,-0.23,0.07,-0.5,24.52,996.81,137.78,31.14,
26555,3.22,-0.72,8.7,0.1,-0.07,0.33,24.52,996.78,138.05,31.14,
26667,2.9,0.33,8.74,0,0.02,0.01,24.52,996.77,138.1,31.15,
26779,3.32,-2.04,9.22,-0.23,0.02,-0.34,24.52,996.77,138.12,31.16,
26893,3.08,-0.14,8.98,-0.04,0.01,-0.05,24.52,996.77,137.94,31.25,
27005,3,-0.3,8.9,-0.07,0.03,-0.14,24.52,996.81,137.75,31.16,
27118,3.34,0.19,8.6,-0.03,0.02,-0.01,24.52,996.76,138.23,31.16,
27231,3.2,0.1,8.71,-0.02,0.01,-0.01,24.52,996.76,138.17,31.17,
27343,3.24,-0.12,8.64,-0.02,0.01,-0.01,24.52,996.78,138.01,31.17,
27456,3.22,-0.02,8.63,-0.02,0.02,-0.01,24.53,996.77,138.14,31.18,
27570,3.26,0.03,8.73,-0.02,0.02,-0.01,24.53,996.79,137.94,31.15,
27682,3.27,-0.04,8.66,-0.02,0.01,-0.01,24.53,996.79,137.93,31.19,
27795,3.29,-0.07,8.76,-0.03,0.01,-0.02,24.53,996.78,138.01,31.19,
27908,3.27,0.06,8.72,-0.02,0.01,-0.01,24.53,996.78,138,31.21,
28020,3.23,0.06,8.77,-0.02,0.02,-0.01,24.53,996.81,137.8,31.21,
28133,3.24,-0.03,8.7,-0.03,0.01,-0.01,24.53,996.78,138.06,31.21,
28246,3.23,-0.02,8.76,-0.02,0.01,-0.01,24.53,996.8,137.85,31.17,
28359,3.19,0.04,8.69,-0.02,0.01,-0.01,24.53,996.82,137.69,31.21,
28471,3.2,-0.07,8.71,-0.02,0.02,-0.02,24.53,996.78,138.02,31.22,
28584,3.17,0,8.76,-0.02,0.02,-0.01,24.53,996.77,138.08,31.23,
28697,3.29,0.04,8.7,-0.02,0.01,-0.01,24.53,996.78,138.05,31.23,
28810,3.22,-0.07,8.67,-0.02,0.01,-0.02,24.53,996.78,138.04,31.24,
28922,3.26,-0.25,8.7,-0.07,-0.06,-0.22,24.53,996.8,137.87,31.23,
29037,1.65,0.53,7.13,0.27,0,0.35,24.53,996.78,138.06,31.26,
29150,2.98,0.08,9.08,-0.05,0.01,-0.09,24.53,996.79,137.96,31.24,
29261,3.64,0.1,9.19,0,0.03,0,24.53,996.81,137.81,31.25,
29374,3,-0.06,8.91,-0.04,0.08,0.01,24.53,996.8,137.9,31.25,
29487,3.29,-0.52,9.65,0.07,-0.07,0.11,24.53,996.8,137.89,31.25,
29599,3.7,0.46,8.82,-0.1,0.11,-0.28,24.54,996.82,137.68,31.25,
29712,3.08,-0.02,8.81,0.01,-0.02,0.01,24.54,996.79,137.94,31.29,
29824,3.08,0.17,8.66,-0.02,0.01,-0.02,24.54,996.8,137.89,31.25,
29936,3.26,-0.17,8.7,-0.08,0.06,-0.17,24.54,996.78,138.04,31.26,
30050,3.15,0.08,8.75,-0.02,0.02,0,24.54,996.79,137.91,31.26,
30161,2.98,0.06,8.49,-0.01,0.03,-0.02,24.54,996.81,137.78,31.26,
30274,3,-0.18,8.72,-0.02,0.02,0,24.54,996.79,137.95,31.26,
30387,3.12,0.06,8.76,-0.02,0.02,-0.01,24.54,996.8,137.86,31.28,
30499,3.24,-0.06,8.77,-0.02,0.01,-0.01,24.54,996.81,137.82,31.32,
30612,3.29,-0.03,8.71,-0.02,0.02,-0.01,24.54,996.8,137.86,31.26,
30725,3.26,-0.02,8.73,-0.02,0.02,-0.01,24.54,996.81,137.79,31.28,
30838,3.24,-0.04,8.75,-0.03,0.01,-0.01,24.54,996.82,137.67,31.28,
30951,3.27,-0.05,8.7,-0.02,0.02,-0.02,24.54,996.79,137.91,31.28,
31065,3.26,-0.01,8.79,-0.02,0.01,-0.01,24.54,996.8,137.84,31.24,
31177,3.28,-0.11,8.79,-0.02,0.02,-0.01,24.55,996.84,137.92,31.16,
31291,3.26,-0.04,8.65,-0.03,0.02,-0.01,24.55,996.81,137.79,31.28,
31404,3.21,-0.04,8.64,-0.02,0.02,-0.01,24.54,996.8,137.86,31.28,
31516,3.27,-0.1,8.7,-0.02,0.02,-0.01,24.54,996.82,137.72,31.28,
31630,3.25,-0.03,8.77,-0.02,0.02,-0.02,24.55,996.82,137.66,31.28,
31742,3.26,-0.02,8.72,-0.02,0.02,-0.01,24.55,996.81,137.8,31.29,
31856,3.17,0.04,8.81,-0.02,0.01,-0.01,24.55,996.82,137.66,31.3,
31968,3.33,-0.03,8.77,-0.02,0.02,-0.01,24.55,996.81,137.8,31.29,
32081,3.17,0.05,8.77,-0.02,0.02,-0.01,24.54,996.79,137.97,31.29,
32194,3.31,-0.16,8.49,-0.02,0.02,-0.01,24.54,996.78,138.03,31.29,
32307,3.34,-0.05,8.68,-0.02,0.02,-0.01,24.55,996.79,137.96,31.3,
32419,3.29,-0.02,8.73,-0.02,0.01,-0.01,24.55,996.8,137.86,31.3,
32533,3.19,-0.04,8.77,-0.02,0.02,-0.01,24.55,996.79,137.91,31.28,
32646,3.22,0.03,8.73,-0.03,0.02,-0.01,24.55,996.79,137.97,31.3,
32758,3.24,0,8.81,-0.02,0.01,-0.01,24.55,996.8,137.87,31.3,
32871,3.25,-0.01,8.72,-0.03,0.02,-0.01,24.55,996.77,138.14,31.31,
32985,3.29,-0.11,8.75,-0.02,0.02,-0.01,24.55,996.81,137.76,31.31,
33097,3.27,-0.03,8.72,-0.02,0.02,-0.01,24.55,996.8,137.83,31.31,
33211,3.3,-0.02,8.63,-0.02,0.02,-0.01,24.56,996.8,137.86,31.28,
33324,3.26,0.03,8.76,-0.02,0.02,-0.01,24.55,996.77,138.1,31.3,
33436,3.24,-0.05,8.71,-0.02,0.02,-0.01,24.56,996.79,137.97,31.32,
33549,3.31,-0.07,8.72,-0.02,0.02,-0.01,24.56,996.79,137.93,31.32,
33662,3.2,0.06,8.68,-0.02,0.02,-0.01,24.56,996.8,137.89,31.32,
33775,3.2,-0.01,8.8,-0.02,0.02,-0.02,24.56,996.78,138.06,31.32,
33888,3.22,0.04,8.65,-0.02,0.01,-0.01,24.56,996.81,137.81,31.33,
34000,3.22,-0.06,8.65,-0.02,0.02,-0.01,24.56,996.79,137.92,31.32,
34113,3.35,-0.05,8.75,-0.02,0.01,-0.01,24.56,996.78,138.02,31.32,
34227,3.29,0.04,8.69,-0.02,0.02,-0.01,24.56,996.78,138.02,31.33,
34338,2.57,1.02,8.28,-0.05,0.01,-0.01,24.56,996.77,138.08,31.33,
34451,3.21,-0.23,7.31,-0.02,0.03,-0.02,24.56,996.78,138.01,31.33,
34565,3.6,-0.54,8.93,-0.03,0,-0.02,24.56,996.78,138.01,31.33,
34677,3.17,1.3,9.26,-0.02,0.03,0,24.56,996.79,137.94,31.32,
34790,2.82,1.31,8.45,-0.03,0.02,0,24.56,996.79,137.98,31.35,
34903,3.24,-0.06,7.73,0.01,0.06,-0.01,24.56,996.78,138.04,31.35,
35014,2.99,-0.51,8.51,-0.02,0.02,-0.01,24.56,996.77,138.14,31.36,
35128,3.09,-0.98,10.12,-0.04,-0.01,-0.01,24.56,996.76,138.19,31.35,
35243,2.35,1.31,8.71,-0.03,0,-0.01,24.56,996.79,137.94,31.36,
35355,3.25,0.08,9.16,-0.01,0.03,-0.01,24.56,996.77,138.1,31.33,
35468,2.46,-0.52,9.66,-0.04,0,0.01,24.57,996.77,138.1,31.24,
35580,2.41,-0.01,9.14,-0.04,0,-0.01,24.56,996.78,138.05,31.37,
35694,2.5,0.66,9.35,-0.02,0,-0.01,24.56,996.74,138.36,31.37,
35807,3.35,-1.1,8.94,-0.03,0,-0.02,24.56,996.76,138.19,31.37,
35920,2.62,-0.2,9.68,-0.04,0,0,24.56,996.74,138.36,31.37,
36033,3.81,-0.34,6.8,0,0.05,-0.02,24.56,996.75,138.29,31.37,
36147,3.16,0.45,8.76,-0.02,0.03,-0.01,24.57,996.75,138.25,31.33,
36258,2.58,-1.65,10.08,-0.03,-0.01,-0.01,24.57,996.76,138.24,31.37,
36374,4.76,-0.75,6.37,0.02,0.09,-0.04,24.56,996.77,138.08,31.38,
36487,2.64,-0.93,10.17,-0.03,0.01,-0.01,24.57,996.73,138.45,31.38,
36600,3.21,-0.83,8.58,-0.01,0.02,-0.01,24.57,996.75,138.28,31.38,
36713,4.56,-0.84,8.22,0,0.04,-0.03,24.57,996.75,138.28,31.4,
36827,3.06,0.01,9.02,-0.01,0.04,-0.01,24.57,996.75,138.25,31.3,
36939,2.5,0.42,8.18,0,0.05,-0.02,24.57,996.76,138.23,31.39,
37051,3.32,1.48,8.59,-0.04,0.03,0,24.57,996.75,138.32,31.39,
37164,1.98,1.15,9.05,-0.03,0,-0.01,24.57,996.74,138.34,31.39,
37277,3.4,0.19,8.84,-0.02,0.02,-0.01,24.57,996.75,138.28,31.39,
37389,3.44,0.3,8.84,-0.03,0,-0.02,24.57,996.74,138.37,31.39,
37501,3.37,-0.86,8.28,-0.04,-0.01,-0.01,24.57,996.75,138.27,31.36,
37616,3.71,-1.24,7.29,0,0.03,-0.02,24.57,996.75,138.29,31.39,
37729,2.8,1.43,8.03,-0.03,0.02,-0.01,24.57,996.76,138.18,31.39,
37841,2.8,-0.35,9.16,-0.01,0.01,-0.01,24.57,996.73,138.42,31.39,
37954,3.14,-1.58,9.13,-0.03,-0.01,-0.02,24.57,996.74,138.4,31.39,
38069,4.06,-0.51,6.71,-0.02,0.04,-0.03,24.58,996.74,138.38,31.4,
38181,2.3,1.1,10.24,-0.04,-0.02,-0.01,24.57,996.74,138.34,31.36,
38296,3.85,-1.21,7.65,0,0.04,-0.01,24.57,996.73,138.44,31.4,
38408,2.9,-0.08,9.45,-0.04,0,-0.01,24.58,996.76,138.18,31.4,
38521,3.65,-1.02,8.73,-0.01,0.03,-0.03,24.58,996.75,138.29,31.4,
38634,3.35,-0.81,8.49,-0.01,0.03,-0.02,24.58,996.75,138.26,31.4,
38748,3.13,-0.33,8.4,-0.05,-0.01,0,24.58,996.76,138.2,31.4,
38860,2.68,0.26,8.21,0,0.04,-0.02,24.58,996.76,138.21,31.37,
38973,2.72,0.33,8.68,-0.04,0.01,0.01,24.58,996.77,138.16,31.44,
39085,3.67,0.81,7.75,-0.03,0.03,-0.01,24.58,996.73,138.42,31.42,
39197,3.77,0.29,7.52,-0.03,0.03,-0.01,24.58,996.76,138.17,31.42,
39310,2.63,2.04,10.22,-0.07,-0.01,0.01,24.58,996.74,138.39,31.42,
39424,3.31,0.56,8.57,-0.01,0.02,-0.03,24.58,996.71,138.59,31.42,
39535,3.68,1.04,7.66,0,0.04,-0.02,24.58,996.74,138.4,31.4,
39648,3.42,0.29,7.2,-0.01,0.05,-0.02,24.58,996.75,138.25,31.39,
39760,3.51,-0.89,8.81,-0.05,-0.02,0.01,24.58,996.73,138.44,31.42,
39873,3.45,-1.04,9.81,-0.03,0.03,-0.02,24.58,996.74,138.41,31.42,
39987,3.54,1.38,9.08,-0.02,0.04,-0.01,24.58,996.71,138.59,31.42,
40099,4.38,-2.07,7.68,0.01,0.06,-0.03,24.58,996.75,138.26,31.43,
40211,2.67,-0.15,9.18,-0.01,0.04,-0.02,24.58,996.75,138.29,31.42,
40325,3.28,-2.08,8.3,-0.01,0.03,-0.02,24.58,996.74,138.36,31.47,
40437,3.49,-3.54,8.16,0,0.06,-0.03,24.59,996.74,138.4,31.42,
40550,2.78,0.57,9.45,-0.05,-0.01,0.02,24.59,996.72,138.5,31.43,
40663,4.07,1.82,7.66,-0.03,-0.01,-0.01,24.59,996.73,138.46,31.43,
40775,3.72,1.72,7.48,0.01,0.06,-0.03,24.59,996.74,138.38,31.43,
40888,3.36,-2.25,7.64,-0.01,0.02,-0.03,24.59,996.76,138.24,31.43,
41000,2.96,0.12,9.01,-0.01,0.04,-0.02,24.59,996.75,138.26,31.42,
41113,4.25,0.49,7.94,-0.01,0.03,-0.02,24.59,996.77,138.36,31.46,
41226,3.21,1.19,8.78,-0.02,0,-0.02,24.59,996.74,138.36,31.43,
41338,2.91,-1.83,8.59,0,0.04,-0.03,24.59,996.73,138.49,31.43,
41452,3.56,0.66,9.16,-0.03,0.02,0,24.59,996.72,138.52,31.44,
41565,2.6,-1.77,8.76,0,0.02,-0.02,24.59,996.74,138.4,31.43,
41676,2.76,-0.38,9.5,-0.06,0,0.02,24.59,996.74,138.36,31.43,
41790,3.39,-0.31,7.9,0,0.04,-0.03,24.59,996.72,138.53,31.44,
41903,3.45,0.89,9.06,-0.03,0,-0.01,24.59,996.76,138.17,31.43,
42015,3.33,-1.83,8.04,-0.02,0.02,-0.02,24.59,996.73,138.47,31.44,
42128,2.27,1.16,10.3,-0.03,-0.01,-0.01,24.59,996.74,138.36,31.44,
42243,2.23,1.4,9.67,-0.04,-0.01,0,24.59,996.73,138.47,31.44,
42355,2.52,1.63,10.98,-0.04,-0.01,0.01,24.6,996.76,138.24,31.44,
42468,2.04,0.51,11.15,-0.06,-0.03,0.02,24.59,996.76,138.19,31.44,
42582,2.46,0.96,8.56,-0.02,0.01,-0.01,24.6,996.76,138.24,31.49,
42693,3.82,0.52,9.45,-0.01,0.02,-0.03,24.6,996.76,138.19,31.44,
42806,4.17,-2.26,8.4,-0.01,0.04,-0.03,24.6,996.75,138.26,31.44,
42919,2.55,-0.04,8.63,-0.03,-0.01,-0.01,24.6,996.75,138.28,31.44,
43033,3.51,-0.15,8.41,0,0.02,-0.02,24.6,996.76,138.23,31.44,
43146,1.96,1,11,-0.04,-0.01,0.01,24.6,996.74,138.35,31.45,
43258,2.61,1.98,9.79,-0.03,0,0,24.6,996.73,138.45,31.42,
43372,3.69,0.68,10.15,-0.04,-0.01,0.01,24.59,996.73,138.47,31.44,
43485,3.68,-0.44,8.99,-0.03,0.04,-0.01,24.6,996.75,138.26,31.44,
43597,3.84,-3.48,5.94,0.01,0.08,-0.04,24.6,996.74,138.37,31.44,
43710,2.91,2.09,8.83,-0.05,-0.02,0,24.6,996.74,138.33,31.44,
43823,3.55,-0.58,9.52,-0.02,0.04,-0.02,24.6,996.74,138.37,31.44,
43935,3.67,-1.17,8.14,0.01,0.04,-0.04,24.6,996.75,138.3,31.42,
44048,2.3,3.86,9.81,-0.03,-0.03,0.01,24.6,996.76,138.17,31.45,
44161,3.21,-1.15,7.5,0.01,0.04,-0.03,24.6,996.75,138.3,31.45,
44273,3.81,0.88,9.19,-0.04,0.02,-0.01,24.6,996.72,138.53,31.46,
44386,3.6,-1.5,7.71,-0.04,0,0,24.61,996.75,138.28,31.44,
44497,2.91,0.88,9.89,-0.03,-0.01,-0.02,24.61,996.77,138.09,31.45,
44611,2.6,-1.03,8.71,-0.01,0.02,-0.02,24.61,996.77,138.11,31.41,
44724,3.17,-1.29,9.06,-0.02,0.01,-0.01,24.61,996.74,138.39,31.48,
44837,3.14,0.09,8.57,-0.04,0.02,0,24.6,996.74,138.34,31.44,
44949,2.71,0.61,10.24,-0.02,0.01,-0.01,24.6,996.74,138.37,31.45,
45063,3.43,-0.7,8.04,-0.02,0.03,-0.01,24.61,996.75,138.3,31.45,
45175,3.5,-1.21,8.74,-0.04,-0.01,0,24.61,996.75,138.31,31.45,
45290,3.71,-1.98,7.08,0,0.03,-0.03,24.61,996.74,138.38,31.49,
45402,3.7,-1.07,8.48,-0.03,0.03,0,24.61,996.75,138.16,31.45,
45515,2.95,-0.58,10.21,-0.05,0.01,0.01,24.61,996.75,138.28,31.45,
45628,3.7,-0.9,8.9,-0.02,0.04,-0.02,24.61,996.75,138.29,31.45,
45742,3.29,1.59,9.33,-0.02,0.01,-0.01,24.61,996.76,138.24,31.45,
45853,2.75,1.52,9.28,0,0.01,-0.03,24.61,996.77,138.14,31.45,
45966,2.71,1.65,8.25,0,0,-0.02,24.61,996.75,138.31,31.46,
46080,2.6,1.41,9.99,-0.03,-0.01,0,24.61,996.75,138.29,31.5,
46192,3.11,0.16,9.03,-0.01,0.01,-0.01,24.61,996.74,138.37,31.46,
46305,3.6,-0.17,9.59,-0.05,-0.02,0,24.61,996.73,138.44,31.46,
46418,3.13,-0.51,8.45,-0.03,0.02,-0.01,24.61,996.74,138.37,31.46,
46532,3.74,-0.65,7.83,0,0.04,-0.03,24.62,996.73,138.46,31.46,
46644,3.4,-2,9.16,0,0.06,-0.03,24.61,996.75,138.29,31.45,
46757,2.66,-0.41,9.81,-0.01,0.02,-0.02,24.61,996.73,138.42,31.46,
46870,3.36,-1.05,9.08,-0.03,0.04,0,24.62,996.74,138.36,31.46,
46984,3.74,-1.15,8.02,-0.01,0.04,-0.03,24.62,996.75,138.32,31.46,
47096,3.27,-0.83,8.3,-0.02,0.02,0,24.62,996.76,138.2,31.46,
47209,3.59,-0.73,7.37,-0.01,0.03,-0.01,24.63,996.77,138.11,31.46,
47323,3.37,0.36,8.16,-0.03,0,-0.01,24.63,996.76,138.24,31.46,
47435,3.18,-0.73,8.05,-0.02,0.06,-0.02,24.62,996.74,138.38,31.49,
47548,3.15,-0.96,7.77,0,0.02,-0.03,24.62,996.75,138.29,31.49,
47661,3.08,-2.26,8.48,-0.01,0.02,-0.02,24.62,996.73,138.45,31.46,
47774,3.71,-1.29,7.71,-0.01,0.05,-0.02,24.62,996.73,138.46,31.46,
47887,2.84,1.39,11.18,-0.05,-0.01,0,24.63,996.75,138.25,31.48,
48001,2.74,0.25,8.55,-0.06,-0.04,0.01,24.63,996.75,138.29,31.48,
48113,2.71,1.22,9.92,-0.06,-0.01,0,24.63,996.76,138.23,31.47,
48225,3.63,0.05,8.83,-0.02,0.01,-0.02,24.63,996.76,138.19,31.47,
48337,4.46,-1.26,6.12,0,0.05,-0.04,24.63,996.74,138.35,31.47,
48450,2.9,-0.73,8.65,-0.05,0.01,0.01,24.62,996.75,138.33,31.48,
48563,3.61,-1.3,8.63,-0.01,0.03,-0.01,24.63,996.76,138.23,31.48,
48675,2.78,2.05,9.38,-0.01,0,-0.02,24.63,996.76,138.2,31.48,
48789,3.39,-0.2,7.76,-0.04,-0.01,-0.01,24.63,996.73,138.46,31.48,
48903,3.69,0.35,6.89,0,0.01,-0.04,24.63,996.76,138.24,31.52,
49015,3.99,-1.17,9.14,-0.06,0.01,0.01,24.63,996.74,138.36,31.48,
49128,3.92,0.54,7.79,-0.03,0.04,-0.01,24.63,996.74,138.35,31.49,
49240,3.38,-1.91,7.65,-0.04,0.01,-0.01,24.63,996.75,138.27,31.48,
49353,3.74,-2.25,8.52,-0.06,-0.02,0,24.64,996.76,138.16,31.48,
49467,2.14,1.91,11.16,-0.03,-0.03,-0.01,24.64,996.75,138.25,31.49,
49582,2.96,0.82,9.41,-0.03,-0.01,-0.02,24.64,996.78,138.07,31.48,
49694,3.08,-2.08,8.31,0,0.06,-0.02,24.64,996.78,138.07,31.48,
49807,3.46,-0.03,9.28,-0.04,0,-0.01,24.63,996.74,138.37,31.49,
49920,3.33,-0.83,7.53,-0.03,0.01,-0.01,24.64,996.76,138.19,31.48,
50033,3.38,-0.84,6.22,-0.02,0.01,-0.01,24.64,996.76,138.23,31.48,
50146,3.07,0.3,9.06,-0.02,0.03,-0.01,24.64,996.73,138.44,31.49,
50258,3.29,-1.28,9.48,-0.04,0.02,0.01,24.64,996.75,138.33,31.48,
50371,3.37,-0.33,7.8,-0.02,0.01,-0.02,24.64,996.76,138.21,31.43,
50484,2.42,1.68,10.75,-0.05,-0.03,0,24.64,996.73,138.48,31.49,
50596,3.99,0.02,6.92,0.01,0.03,-0.02,24.64,996.75,138.25,31.49,
50709,3.15,0.88,8.7,-0.03,0.02,-0.01,24.64,996.74,138.39,31.49,
50822,3.76,-2,8.18,-0.04,0.05,0,24.64,996.75,138.29,31.49,
50934,3.51,-1.94,8.59,0,0.08,-0.02,24.64,996.75,138.3,31.49,
51047,3.34,-0.51,8.67,-0.02,0.01,-0.01,24.64,996.78,138.06,31.47,
51161,4.01,-0.57,7.96,0,0.03,-0.03,24.64,996.75,138.31,31.49,
51273,2.91,1.04,9.77,-0.02,0,-0.01,24.64,996.76,138.25,31.49,
51386,3.68,-0.49,7.65,-0.03,0.03,-0.01,24.64,996.75,138.32,31.49,
51500,3.46,0.38,8.48,-0.05,0,0.01,24.64,996.72,138.52,31.49,
51612,2.52,-1.08,8.56,-0.04,-0.01,-0.01,24.65,996.75,138.32,31.49,
51726,3.97,-1.17,8.44,-0.02,0.03,-0.03,24.65,996.76,138.23,31.44,
51840,3.6,-0.69,8.66,0,0.05,-0.03,24.64,996.75,138.31,31.49,
51952,3.19,-0.51,8.67,-0.01,0.01,-0.02,24.64,996.76,138.24,31.49,
52065,3.53,0.48,7.98,-0.03,0.02,-0.02,24.64,996.73,138.42,31.49,
52177,3.85,0.41,7.44,-0.01,0.05,-0.02,24.65,996.76,138.2,31.5,
52290,3.1,0.04,9.9,-0.04,0.04,0,24.65,996.75,138.31,31.49,
52403,3.59,-0.47,6.69,-0.01,0.04,-0.03,24.65,996.76,138.2,31.4,
52515,2.65,1.42,9.27,-0.03,0.01,0,24.65,996.74,138.34,31.51,
52628,3.83,-1.34,8.47,-0.04,0.03,-0.01,24.65,996.72,138.51,31.5,
52741,3.46,-0.24,8.56,-0.02,0.02,-0.01,24.65,996.72,138.54,31.49,
52854,3.28,-0.02,8.73,-0.02,0.02,-0.01,24.65,996.74,138.34,31.5,
52967,3.33,0.01,8.65,-0.03,0.01,-0.01,24.65,996.74,138.41,31.5,
53080,3.31,-0.18,8.78,-0.02,0.02,-0.01,24.66,996.74,138.4,31.53,
53192,3.27,0.04,8.8,-0.02,0.01,-0.02,24.66,996.74,138.37,31.53,
53305,3.27,-0.05,8.78,-0.02,0.02,-0.01,24.66,996.76,138.2,31.5,
53419,3.19,-0.07,8.7,-0.03,0.01,-0.01,24.65,996.76,138.2,31.5,
53531,3.84,1.43,9.06,-0.02,0.01,-0.02,24.65,996.73,138.48,31.5,
53644,2.72,0.11,8.48,-0.01,0.01,-0.01,24.66,996.74,138.34,31.49,
53756,3.41,-0.1,7.54,-0.04,0.01,-0.01,24.66,996.73,138.48,31.5,
53869,4.04,-2.08,8.72,-0.01,0.07,-0.02,24.66,996.77,138.15,31.56,
53982,3.46,-0.61,7.5,-0.02,0.01,-0.01,24.66,996.75,138.33,31.5,
54095,3.15,-0.14,8.6,-0.02,0.02,-0.02,24.66,996.72,138.51,31.5,
54208,3.32,-0.02,8.78,-0.03,0.02,-0.01,24.66,996.73,138.42,31.5,
54322,3.22,-0.04,8.72,-0.02,0.02,-0.01,24.66,996.73,138.43,31.5,
54434,3.35,0.04,8.75,-0.02,0.02,-0.01,24.66,996.74,138.34,31.5,
54547,3.26,-0.03,8.77,-0.02,0.01,-0.01,24.66,996.76,138.18,31.53,
54660,3.24,-0.03,8.68,-0.02,0.02,-0.01,24.66,996.74,138.34,31.5,
54773,3.15,0,8.78,-0.02,0.02,-0.01,24.66,996.74,138.37,31.5,
54885,3.27,0.03,8.83,-0.02,0.02,-0.01,24.66,996.73,138.47,31.5,
54998,3.26,0.02,8.82,-0.03,0.01,-0.01,24.66,996.74,138.36,31.5,
55110,3.23,-0.01,8.74,-0.02,0.02,-0.01,24.66,996.74,138.34,31.51,
55223,3.22,0,8.82,-0.02,0.02,-0.01,24.66,996.75,138.27,31.53,
55335,3.33,0,8.66,-0.02,0.02,-0.01,24.66,996.76,138.22,31.53,
55448,3.22,-0.01,8.73,-0.02,0.02,-0.01,24.66,996.74,138.38,31.51,
55561,3.28,0.07,8.74,-0.02,0.02,-0.01,24.66,996.73,138.45,31.5,
55673,3.27,-0.03,8.65,-0.02,0.02,-0.01,24.67,996.74,138.37,31.5,
55786,3.24,0.04,8.75,-0.03,0.02,-0.01,24.67,996.76,138.2,31.5,
55899,3.23,-0.09,8.8,-0.02,0.02,-0.02,24.67,996.75,138.29,31.5,
56012,3.19,-0.05,8.75,-0.03,0.02,-0.02,24.67,996.79,137.97,31.54,
56125,3.24,-0.05,8.72,-0.02,0.01,-0.02,24.67,996.76,138.23,31.5,
56238,3.15,-0.02,8.63,-0.02,0.02,-0.01,24.66,996.72,138.54,31.51,
56351,3.26,-0.06,8.6,-0.02,0.02,-0.01,24.67,996.76,138.22,31.5,
56464,3.27,-0.06,8.69,-0.02,0.02,-0.01,24.67,996.75,138.26,31.5,
56578,3.26,-0.06,8.76,-0.02,0.01,-0.01,24.67,996.78,138.05,31.5,
56690,3.22,-0.05,8.66,-0.02,0.02,-0.01,24.67,996.75,138.31,31.5,
56803,3.25,-0.06,8.71,-0.02,0.01,-0.01,24.67,996.76,138.22,31.48,
56916,3.35,-0.02,8.66,-0.02,0.01,-0.01,24.67,996.73,138.45,31.5,
57029,3.18,-0.03,8.78,-0.02,0.02,-0.01,24.67,996.76,138.23,31.5,
57143,3.28,0.09,8.68,-0.02,0.02,-0.02,24.67,996.76,138.24,31.5,
57254,3.19,-0.02,8.71,-0.02,0.01,-0.01,24.67,996.75,138.33,31.5,
57368,3.29,-0.05,8.81,-0.03,0.01,-0.01,24.67,996.74,138.39,31.5,
57481,3.22,-0.07,8.61,-0.02,0.02,-0.01,24.68,996.73,138.33,31.52,
57594,3.22,-0.04,8.65,-0.02,0.02,-0.02,24.68,996.72,138.56,31.5,
57707,3.29,-0.01,8.75,-0.03,0.02,-0.01,24.67,996.73,138.46,31.5,
57820,3.25,-0.01,8.73,-0.02,0.02,-0.01,24.68,996.73,138.47,31.52,
57933,3.34,-0.03,8.62,-0.02,0.01,-0.01,24.68,996.72,138.55,31.5,
58046,3.28,-0.06,8.66,-0.03,0.02,-0.01,24.68,996.73,138.44,31.5,
58160,3.26,0,8.72,-0.02,0.02,-0.01,24.68,996.73,138.48,31.58,
58272,3.24,0.03,8.79,-0.02,0.02,-0.01,24.68,996.72,138.52,31.5,
58384,3.17,0.11,8.91,-0.02,0.02,-0.01,24.68,996.73,138.48,31.5,
58497,3.23,-0.08,8.79,-0.02,0.01,-0.01,24.67,996.73,138.47,31.5,
58610,3.22,-0.1,8.68,-0.02,0.01,-0.02,24.67,996.72,138.51,31.5,
58723,3.26,-0.08,8.75,-0.03,0.01,-0.01,24.68,996.74,138.41,31.5,
58835,3.13,-0.05,8.71,-0.02,0.02,-0.01,24.68,996.74,138.4,31.52,
58949,3.25,-0.01,8.77,-0.03,0.02,-0.01,24.68,996.74,138.38,31.46,
59062,3.32,0.11,8.74,-0.02,0.01,0,24.68,996.72,138.52,31.5,
59174,3.33,-0.09,8.61,-0.02,0.02,-0.01,24.68,996.73,138.47,31.5,
59287,3.28,-0.05,8.72,-0.03,0.02,-0.03,24.68,996.73,138.5,31.52,
59401,3.24,-0.1,8.73,-0.02,0.02,-0.01,24.68,996.76,138.16,31.52,
59513,3.31,-0.09,8.72,-0.02,0.01,0,24.68,996.76,138.19,31.52,
59627,3.15,-0.02,8.69,-0.03,0.02,-0.02,24.68,996.73,138.42,31.61,
59740,3.14,0.06,8.71,-0.02,0.01,-0.01,24.69,996.74,138.39,31.52,
59852,3.23,-0.03,8.7,-0.02,0.01,-0.01,24.68,996.74,138.33,31.52,
59965,3.26,-0.02,8.74,-0.02,0.02,-0.01,24.68,996.75,138.32,31.5,
60079,3.21,-0.01,8.77,-0.02,0.01,-0.02,24.69,996.73,138.46,31.52,
60191,3.21,0.06,8.66,-0.03,0.02,-0.01,24.69,996.72,138.52,31.52,
60304,3.21,0.06,8.72,-0.03,0.02,-0.01,24.69,996.74,138.39,31.55,
60417,3.34,-0.01,8.76,-0.02,0.02,-0.01,24.69,996.74,138.42,31.52,
60529,3.27,0.02,8.73,-0.02,0.02,-0.01,24.68,996.76,138.23,31.5,
60642,3.21,-0.02,8.7,-0.02,0.01,-0.01,24.69,996.73,138.46,31.52,
60754,3.23,-0.05,8.71,-0.02,0.01,-0.01,24.69,996.73,138.44,31.52,
60868,3.22,-0.07,8.7,-0.02,0.01,-0.01,24.69,996.76,138.22,31.52,
60981,3.27,0,8.71,-0.02,0.02,-0.01,24.69,996.73,138.44,31.49,
61093,3.19,0.01,8.74,-0.02,0.01,-0.01,24.69,996.73,138.46,31.52,
61205,3.29,0.01,8.74,-0.02,0.02,-0.01,24.68,996.73,138.48,31.52,
61318,3.26,-0.05,8.68,-0.03,0.02,-0.01,24.69,996.74,138.37,31.52,
61431,3.22,0,8.76,-0.03,0.02,-0.01,24.69,996.72,138.56,31.52,
61544,3.11,-0.67,8.38,-0.01,0.02,-0.02,24.69,996.72,138.51,31.52,
61657,3.3,-0.23,8.31,-0.01,0.03,-0.01,24.69,996.73,138.48,31.5,
61769,3.24,0.03,7.87,0,0.02,-0.03,24.69,996.76,138.48,31.49,
61882,3.2,0.88,8.11,-0.02,0.03,-0.01,24.69,996.76,138.24,31.52,
61995,3.57,-1.15,6.38,-0.03,0.05,-0.01,24.69,996.72,138.57,31.52,
62107,3.49,-1.26,9.89,-0.03,0.02,-0.01,24.69,996.74,138.35,31.52,
62221,3.45,-0.95,8.39,-0.02,0.04,-0.02,24.7,996.76,138.23,31.52,
62333,2.42,0.84,10.48,-0.07,-0.06,0.02,24.7,996.75,138.28,31.52,
62447,3.84,-1.59,8.89,-0.04,0.02,0,24.69,996.77,138.09,31.47,
62560,3.49,-2.08,7.34,-0.02,0.04,-0.01,24.7,996.74,138.38,31.52,
62672,3.6,-1.67,8.17,0,0.04,-0.03,24.7,996.74,138.33,31.52,
62785,3.13,0.19,8.76,-0.02,0.01,-0.01,24.7,996.71,138.61,31.53,
62898,3.21,-0.26,8.65,-0.02,0.02,-0.01,24.7,996.78,138.01,31.52,
63010,3.15,0.03,8.69,-0.02,0.01,-0.02,24.7,996.74,138.33,31.52,
63123,2.99,0.1,8.86,-0.02,0.01,-0.01,24.71,996.76,138.19,31.51,
63236,3.16,0.06,8.68,-0.02,0.01,-0.01,24.7,996.75,138.31,31.51,
63348,3.21,0.03,8.73,-0.02,0.02,-0.02,24.71,996.77,138.14,31.53,
63460,3.23,-0.11,8.74,-0.03,0.02,-0.01,24.7,996.76,138.24,31.53,
63574,3.29,-0.02,8.66,-0.02,0.01,-0.01,24.71,996.77,138.1,31.52,
63686,3.24,0.06,8.67,-0.02,0.02,-0.01,24.71,996.76,138.23,31.52,
63799,3.33,-0.02,8.69,-0.02,0.01,-0.02,24.71,996.75,138.26,31.53,
63912,3.17,0.02,8.72,-0.02,0.02,-0.01,24.71,996.77,138.09,31.5,
64024,3.22,0.01,8.62,-0.02,0.01,-0.01,24.71,996.75,138.28,31.52,
64137,3.28,-0.02,8.65,-0.02,0.02,-0.01,24.71,996.78,138.05,31.52,
64249,3.25,0.06,8.65,-0.02,0.01,-0.01,24.71,996.77,138.12,31.52,
64362,3.29,0,8.75,-0.02,0.02,-0.01,24.71,996.75,138.31,31.52,
64476,3.22,-0.01,8.74,-0.02,0.01,-0.01,24.71,996.75,138.3,31.52,
64588,3.38,-0.05,8.37,-0.04,0.02,-0.07,24.71,996.74,138.35,31.52,
64702,3.34,-0.24,8.64,-0.01,0.02,0,24.71,996.76,138.19,31.53,
64815,2.8,-0.08,7.48,-0.02,-0.01,0.05,24.71,996.77,138.13,31.52,
64927,3.15,0.11,8.69,-0.03,0.02,0,24.71,996.77,138.09,31.53,
65040,3.56,-0.41,8.47,0.05,-0.02,0.22,24.72,996.79,137.94,31.53,
65153,3.34,0.07,8.49,-0.07,0.04,-0.14,24.72,996.78,138.03,31.53,
65265,3.2,0.11,8.65,-0.04,0.02,-0.06,24.71,996.76,138.18,31.47,
65377,3.15,-0.26,9.03,-0.02,0.04,0.01,24.72,996.78,138.01,31.55,
65489,3.01,-0.17,8.94,-0.02,0.02,0,24.71,996.76,138.2,31.52,
65602,3.25,0.1,8.76,-0.03,0.01,-0.01,24.71,996.75,138.25,31.52,
65715,3.35,0.11,8.7,-0.02,0.02,0,24.72,996.74,138.42,31.52,
65827,3.22,-0.04,8.66,-0.03,0.02,-0.02,24.72,996.75,138.29,31.52,
65940,3.51,0.22,8.72,-0.03,0.03,0.01,24.72,996.77,138.15,31.51,
66053,3.45,-0.33,8.88,-0.02,0.02,0.01,24.72,996.77,138.13,31.5,
66165,3.05,0.44,8.42,-0.05,0.03,-0.07,24.72,996.74,138.37,31.52,
66277,3.12,0.1,8.69,-0.04,0.01,-0.04,24.72,996.74,138.35,31.52,
66390,2.82,-0.28,8.82,-0.03,0.02,-0.02,24.72,996.73,138.48,31.51,
66503,3.22,-0.1,8.8,-0.02,0.02,0,24.72,996.73,138.5,31.52,
66615,2.99,0.06,8.72,-0.02,0.01,-0.02,24.72,996.72,138.55,31.51,
66727,3.08,0.14,8.78,-0.02,0.02,-0.02,24.72,996.71,138.64,31.5,
66840,4.38,-1.07,6.41,0.02,0.1,-0.03,24.72,996.74,138.4,31.46,
66953,0.02,-0.46,4,0.04,-0.06,-0.14,24.72,996.63,139.28,31.51,
67065,3.12,-0.99,4.55,0.01,0.06,-0.02,24.72,996.74,138.4,31.51,
67178,3.28,-0.45,10.31,-0.04,0.02,-0.02,24.72,996.74,138.39,31.51,
67292,1.88,3.6,8.13,0.05,0.14,0.02,24.72,996.73,138.47,31.51,
67404,2.78,0.24,8.71,-0.04,-0.01,-0.02,24.71,996.73,138.49,31.48,
67518,3.82,0.25,8.35,-0.04,0,-0.01,24.71,996.73,138.48,31.5,
67631,2.23,1.3,10.79,-0.05,-0.05,-0.01,24.71,996.72,138.55,31.5,
67744,3.51,-0.77,8.65,-0.03,0.02,-0.01,24.71,996.71,138.6,31.48,
67858,3.12,-0.07,8.56,-0.02,0.02,-0.02,24.71,996.73,138.5,31.48,
67971,2.4,1.53,10.81,-0.05,-0.04,0,24.71,996.73,138.49,31.48,
68084,3.07,0.19,8.82,-0.03,0.02,0,24.72,996.73,138.48,31.5,
68196,3.2,0.07,8.74,-0.02,0.01,-0.01,24.71,996.7,138.73,31.5,
68308,3.26,0.06,8.7,-0.02,0.02,-0.02,24.72,996.71,138.61,31.47,
68421,3.27,0.03,8.74,-0.02,0.02,-0.01,24.72,996.72,138.54,31.46,
68534,3.25,0.07,8.63,-0.02,0.02,-0.01,24.72,996.72,138.56,31.46,
68646,3.35,0.04,8.72,-0.02,0.02,-0.01,24.72,996.71,138.64,31.46,
68758,3.21,0.06,8.81,-0.02,0.02,-0.02,24.72,996.72,138.51,31.45,
68871,3.25,0.03,8.61,-0.02,0.02,-0.01,24.72,996.71,138.61,31.51,
68983,3.2,0.01,8.66,-0.02,0.01,-0.02,24.72,996.71,138.64,31.46,
69096,3.22,0,8.8,-0.02,0.02,-0.01,24.72,996.7,138.71,31.45,
69209,3.17,0.03,8.77,-0.02,0.02,-0.01,24.72,996.7,138.74,31.45,
69321,3.15,0.07,8.9,-0.02,0.02,-0.01,24.72,996.69,138.76,31.45,
69434,3.22,0.04,8.85,-0.02,0.01,-0.01,24.72,996.71,138.61,31.45,
69547,3.25,-0.04,8.8,-0.02,0.01,-0.01,24.72,996.7,138.69,31.47,
69659,3.16,0.07,8.71,-0.02,0.02,-0.01,24.72,996.71,138.62,31.45,
69772,3.21,-0.05,8.73,-0.03,0.02,-0.01,24.73,996.69,138.78,31.45,
69884,3.16,-0.02,8.67,-0.02,0.02,-0.01,24.73,996.7,138.69,31.46,
69998,3.21,0.04,8.77,-0.02,0.02,-0.01,24.72,996.7,138.7,31.46,
70110,3.15,-0.01,8.73,-0.03,0.01,-0.01,24.73,996.7,138.75,31.45,
70223,3.3,0.01,8.68,-0.02,0.02,-0.01,24.73,996.69,138.8,31.45,
70336,3.27,-0.02,8.67,-0.02,0.02,-0.01,24.73,996.69,138.83,31.44,
70449,3.21,0.1,8.7,-0.02,0.01,-0.01,24.73,996.69,138.82,31.45,
70561,3.3,0.06,8.62,-0.02,0.02,-0.02,24.73,996.68,138.85,31.45,
70674,3.24,-0.08,8.71,-0.02,0.02,-0.01,24.73,996.68,138.87,31.46,
70787,3.35,0.09,8.55,-0.02,0.02,-0.01,24.73,996.69,138.77,31.46,
70899,3.3,0.05,8.66,-0.02,0.01,-0.01,24.73,996.65,139.16,31.46,
71012,3.25,0.11,8.61,-0.03,0.01,-0.01,24.73,996.64,139.21,31.44,
71123,2.56,1.03,8.67,-0.02,0.04,0,24.73,996.67,138.95,31.46,
71236,2.4,0.02,10.84,-0.05,-0.04,0,24.73,996.66,139.09,31.46,
71351,3.17,0.14,9.05,-0.03,0.01,-0.01,24.73,996.67,138.96,31.47,
71462,3.09,0.14,8.95,-0.03,0.01,-0.01,24.73,996.65,139.12,31.47,
71575,3.33,0,8.6,-0.03,0.01,-0.01,24.73,996.67,138.98,31.47,
71689,3.23,0.04,8.7,-0.03,0.01,-0.01,24.73,996.67,138.98,31.5,
71800,3.17,0.11,8.91,-0.03,0.01,-0.01,24.73,996.68,138.91,31.47,
71913,5.87,-2.96,4.13,0.02,0.13,-0.04,24.73,996.63,139.3,31.49,
72026,4.61,-0.9,7.31,0,0.07,-0.02,24.73,996.65,139.15,31.47,
72138,3.17,0,9.05,-0.03,0.01,-0.01,24.73,996.63,139.31,31.47,
72251,3.22,0,8.76,-0.02,0.02,-0.02,24.73,996.65,139.13,31.48,
72363,3.15,0.05,8.77,-0.03,0.01,-0.01,24.74,996.66,139.08,31.49,
72475,3.31,0,8.66,-0.02,0.01,-0.01,24.73,996.64,139.24,31.53,
72589,3.43,-0.13,8.95,-0.03,0.01,-0.01,24.74,996.64,139.23,31.51,
72701,3.25,0.7,7.73,-0.02,0.04,-0.02,24.73,996.63,139.33,31.48,
72814,3.51,0.6,8.19,-0.02,0.05,-0.01,24.73,996.63,139.28,31.5,
72927,3.43,-0.39,8.3,-0.02,0.02,-0.01,24.74,996.66,139.04,31.5,
73039,3.29,0.06,8.79,-0.02,0.02,-0.02,24.74,996.64,139.21,31.5,
73152,3.23,0.09,8.66,-0.02,0.02,-0.01,24.74,996.64,139.25,31.5,
73265,3.2,-0.06,8.61,-0.02,0.02,-0.02,24.74,996.61,139.43,31.5,
73377,2.96,2.03,8.77,-0.06,-0.03,0.01,24.74,996.62,139.36,31.5,
73490,3.34,-1.51,8.43,-0.08,-0.1,0.02,24.74,996.61,139.45,31.5,
73603,2.96,0.26,8.57,-0.02,0.02,-0.01,24.73,996.57,139.77,31.5,
73715,3.19,0.06,8.63,-0.02,0.02,-0.02,24.74,996.59,139.66,31.5,
73828,3.13,0.17,9.03,-0.02,0.01,-0.01,24.74,996.6,139.59,31.5,
73940,3.25,0.07,8.76,-0.02,0.02,-0.01,24.74,996.63,139.28,31.5,
74052,3.37,-0.86,8.47,-0.02,0.02,-0.02,24.75,996.62,139.38,31.5,
74166,5.94,-3.63,5.55,0.01,0.09,-0.04,24.74,996.6,139.59,31.51,
74278,2.43,0.26,9.73,-0.03,0,-0.01,24.74,996.59,139.61,31.51,
74391,3.29,0.11,8.87,-0.02,0.01,-0.01,24.75,996.6,139.53,31.5,
74504,3.33,-0.14,8.51,-0.02,0.02,-0.01,24.75,996.61,139.44,31.5,
74616,3.48,-0.76,7.88,-0.01,0.03,-0.02,24.75,996.6,139.57,31.53,
74730,2.95,0.54,9.72,-0.02,0.01,-0.01,24.76,996.59,139.61,31.52,
74842,3.07,-1.1,10.36,-0.04,-0.01,0,24.75,996.59,139.65,31.51,
74957,0.67,2.73,13.62,-0.08,-0.09,0.02,24.75,996.57,139.83,31.51,
75070,3.64,-0.27,8.61,-0.02,0.01,-0.01,24.75,996.59,139.65,31.51,
75184,3.27,0.08,8.73,-0.02,0.01,-0.01,24.75,996.58,139.73,31.51,
75295,3.09,0.05,8.85,-0.03,0.01,-0.01,24.76,996.57,139.78,31.5,
75408,3.22,0.17,8.94,-0.02,0.01,-0.01,24.76,996.6,139.77,31.56,
75521,3.24,0.06,8.81,-0.02,0.02,-0.01,24.76,996.57,139.8,31.51,
75633,1.99,0.75,12.32,-0.03,-0.03,0,24.75,996.59,139.65,31.51,
75746,4.66,-1.13,5.48,-0.01,0.07,-0.02,24.75,996.56,139.88,31.51,
75859,1.23,1.6,13.47,-0.05,-0.08,0,24.76,996.56,139.93,31.51,
75972,3.9,-0.86,6.61,-0.01,0.05,-0.02,24.76,996.59,139.66,31.51,
76085,3.27,0.14,9.24,-0.03,0.01,-0.01,24.76,996.55,139.98,31.52,
76197,3.18,0.04,8.75,-0.02,0.02,-0.02,24.76,996.58,139.7,31.51,
76310,2.88,0.74,8.82,-0.04,-0.03,0,24.76,996.59,139.6,31.51,
76423,3.56,-0.11,9.83,-0.05,-0.05,-0.01,24.76,996.57,139.8,31.5,
76537,4.46,-1.03,5.9,-0.02,0.03,-0.01,24.76,996.55,139.96,31.5,
76650,3.36,-0.31,8.43,-0.02,0.02,-0.01,24.77,996.57,139.78,31.51,
76764,3.13,0.14,8.67,-0.02,0.01,-0.01,24.77,996.56,139.86,31.54,
76875,3.23,-0.04,8.69,-0.03,0.01,-0.01,24.77,996.56,139.89,31.48,
76989,3.28,-0.02,8.94,-0.02,0.02,-0.01,24.76,996.57,139.81,31.5,
77102,1.49,2.24,12,-0.07,-0.09,0.01,24.76,996.56,139.88,31.51,
77215,4.08,0.81,7.75,-0.02,0.06,0,24.77,996.56,139.88,31.5,
77328,3.92,-0.65,6.8,0.02,0.12,-0.03,24.77,996.57,139.8,31.5,
77440,3.74,-0.1,7.85,-0.02,0.03,-0.01,24.77,996.57,139.8,31.48,
77553,3.11,0.28,9.05,-0.03,0.01,-0.01,24.77,996.57,139.84,31.53,
77666,3.35,0.05,8.64,-0.02,0.02,-0.01,24.77,996.54,140.07,31.51,
77777,3.25,-0.76,7.82,-0.04,0,0,24.77,996.56,139.87,31.5,
77892,2.19,1.5,11.56,-0.04,-0.03,0,24.77,996.55,139.98,31.5,
78005,2.8,0.45,9.54,-0.02,0.01,-0.02,24.77,996.56,139.88,31.5,
78117,3.31,0.04,8.72,-0.02,0.02,-0.01,24.77,996.58,139.76,31.5,
78230,3.21,0.06,8.91,-0.03,0.01,-0.01,24.78,996.54,140.05,31.41,
78343,3.21,-0.03,8.79,-0.02,0.02,-0.01,24.77,996.56,139.92,31.5,
78455,2.64,4.23,11.67,0.03,0.11,-0.02,24.77,996.53,140.14,31.5,
78568,5.08,-3.06,5.77,0.02,0.08,-0.04,24.77,996.53,140.11,31.5,
78681,3.09,-0.3,8.04,-0.01,0.05,-0.02,24.78,996.55,140.01,31.5,
78793,3.5,-0.22,8.43,-0.02,0.02,-0.02,24.78,996.55,139.94,31.5,
78906,3.13,0.03,8.8,-0.02,0.02,-0.01,24.78,996.52,140.22,31.6,
79019,3.35,0.01,8.59,-0.02,0.01,-0.01,24.78,996.55,139.99,31.5,
79131,2.93,-0.04,9.36,-0.02,0.01,-0.02,24.78,996.54,140.08,31.5,
79244,3.29,-0.27,8.08,-0.01,0.02,-0.01,24.78,996.53,140.13,31.5,
79357,4.57,-1.23,5.59,0,0.08,-0.02,24.78,996.55,140,31.5,
79470,4.04,-0.65,7.22,-0.03,0.01,-0.01,24.78,996.54,140.04,31.5,
79584,3.03,0.43,9.51,-0.03,0,-0.01,24.78,996.54,140.09,31.48,
79695,3.28,-0.34,8.71,-0.02,0.02,-0.01,24.78,996.54,140.28,31.51,
79809,2.05,2,11.76,-0.07,-0.05,0.01,24.78,996.52,140.23,31.5,
79922,3.05,0.26,8.5,-0.05,-0.04,0,24.78,996.53,140.18,31.5,
80034,1.17,1.88,13.55,-0.05,-0.06,0,24.78,996.51,140.29,31.49,
80147,2.84,0.34,9.4,-0.02,0,-0.01,24.78,996.52,140.21,31.5,
80260,3.36,-0.06,8.54,-0.02,0.02,-0.01,24.78,996.54,140.09,31.49,
80373,3.31,-0.06,8.82,-0.02,0.02,-0.01,24.78,996.53,140.13,31.52,
80486,2.3,1.3,9.9,-0.04,-0.03,-0.02,24.78,996.54,140.1,31.49,
80599,3.72,-1,6.7,0,0.05,-0.02,24.78,996.53,140.17,31.49,
80711,3.8,-0.6,7.39,-0.02,0.03,-0.01,24.78,996.54,140.09,31.49,
80825,3.15,0.33,9.3,-0.03,0,-0.01,24.79,996.55,140,31.5,
80937,3.33,0.01,8.82,-0.02,0.02,-0.01,24.78,996.5,140.38,31.49,
81049,3.26,-0.1,8.6,-0.02,0.02,-0.01,24.79,996.53,140.11,31.5,
81163,1.61,2.41,10.78,-0.04,-0.03,0,24.79,996.55,139.97,31.51,
81276,4.01,-1.63,9.57,0,0.04,-0.03,24.78,996.54,140.06,31.49,
81389,1.07,1.65,13.81,-0.07,-0.1,0.01,24.79,996.56,139.87,31.49,
81502,2.77,0.73,10.08,-0.03,0,-0.01,24.79,996.54,140.09,31.5,
81616,3.19,0.03,8.77,-0.03,0.02,-0.01,24.79,996.56,139.86,31.49,
81729,3.11,0.09,8.8,-0.02,0.02,-0.01,24.79,996.53,140.11,31.49,
81841,3.04,0.15,8.72,-0.02,0.01,-0.01,24.79,996.56,139.88,31.41,
81953,3.81,-0.48,7.04,-0.04,0,-0.01,24.79,996.58,139.76,31.49,
82067,0.71,1.92,14.37,-0.07,-0.11,0.01,24.78,996.58,139.7,31.49,
82180,0.9,1.94,14.25,-0.06,-0.08,0,24.79,996.58,139.77,31.49,
82292,2.81,0.65,9.71,-0.04,-0.01,-0.01,24.79,996.57,139.79,31.49,
82406,3.21,0.1,8.92,-0.03,0.02,-0.01,24.79,996.58,139.72,31.48,
82519,3.33,0.09,8.7,-0.02,0.01,-0.01,24.79,996.56,139.88,31.57,
82630,5.05,-2.9,5.65,-0.09,-0.11,0.01,24.8,996.58,139.73,31.48,
82744,0.49,2.52,15.61,-0.05,-0.03,0,24.79,996.59,139.6,31.49,
82856,2.8,0.5,9.46,-0.01,0.03,-0.02,24.79,996.57,139.83,31.49,
82969,3.27,-0.05,8.53,-0.02,0.02,-0.01,24.79,996.57,139.78,31.49,
83083,3.2,0.07,8.81,-0.02,0.02,-0.01,24.79,996.56,139.86,31.49,
83194,3.25,0.05,8.76,-0.03,0.02,-0.02,24.79,996.57,139.78,31.46,
83307,3.25,0.06,8.69,-0.02,0.02,-0.01,24.79,996.56,139.89,31.5,
83420,3.29,0.05,8.82,-0.03,0.02,-0.01,24.79,996.58,139.72,31.48,
83532,3.23,-0.07,8.71,-0.02,0.01,-0.01,24.79,996.58,139.69,31.49,
83645,3.22,0.11,8.63,-0.03,0.01,-0.01,24.79,996.59,139.65,31.48,
83758,3.28,-0.01,8.72,-0.02,0.02,-0.01,24.79,996.6,139.58,31.48,
83870,3.02,0,8.65,-0.03,0.02,-0.01,24.79,996.58,139.69,31.45,
83984,3.19,0,8.71,-0.02,0.02,-0.01,24.8,996.59,139.68,31.45,
84097,3.32,0.01,8.68,-0.02,0.02,-0.01,24.8,996.59,139.6,31.48,
84209,3.15,0.06,8.64,-0.03,0.02,-0.02,24.79,996.57,139.85,31.48,
84322,3.18,0.23,9.39,-0.02,0,0,24.8,996.58,139.69,31.48,
84434,3.45,0.01,9.28,0.03,-0.03,0.06,24.8,996.59,139.68,31.48,
84546,3.73,-0.96,8.9,-0.03,-0.08,0.03,24.8,996.6,139.58,31.48,
84660,2.55,-0.85,8.84,-0.17,0.07,-0.36,24.8,996.6,139.59,31.48,
84772,2.96,-0.68,8.87,-0.07,0.04,-0.13,24.8,996.59,139.67,31.48,
84886,4.03,0.72,8.43,0,0,0.1,24.79,996.56,139.91,31.48,
84998,3.51,0.73,9.05,0.06,-0.03,0.17,24.79,996.56,139.88,31.48,
85110,3.57,0.08,8.61,0.04,0.01,-0.04,24.8,996.58,139.7,31.47,
85223,3.4,0.01,8.09,-0.04,0.03,-0.03,24.8,996.57,139.83,31.48,
85336,2.66,-0.11,8.55,-0.1,0.08,-0.19,24.8,996.57,139.81,31.44,
85448,3.73,0.4,8.48,-0.02,0.04,-0.03,24.8,996.59,139.65,31.47,
85561,3.45,0.04,8.56,-0.02,0.02,-0.02,24.8,996.58,139.74,31.47,
85673,3.21,0.11,8.63,-0.02,0.01,-0.01,24.79,996.59,139.68,31.46,
85786,3.17,-0.01,8.79,-0.02,0.02,-0.01,24.8,996.57,139.8,31.45,
85899,3.26,-0.1,8.74,-0.03,0.02,-0.01,24.8,996.57,139.83,31.45,
86011,3.22,0.03,8.74,-0.03,0.02,-0.01,24.8,996.56,139.88,31.48,
86124,3.35,0.05,8.71,-0.02,0.02,-0.01,24.8,996.59,139.64,31.43,
86237,3.18,0.02,8.84,-0.02,0.01,-0.01,24.8,996.57,139.8,31.46,
86349,3.27,-0.1,8.79,-0.02,0.02,-0.01,24.8,996.59,139.61,31.45,
86462,3.26,-0.03,8.75,-0.03,0.01,-0.02,24.8,996.58,139.73,31.46,
86576,3.3,0.02,8.75,-0.03,0.02,-0.02,24.81,996.59,139.63,31.46,
86687,3.23,0.09,8.61,-0.03,0.01,-0.01,24.81,996.6,139.53,31.46,
86800,3.25,-0.01,8.69,-0.02,0.01,-0.01,24.81,996.6,139.58,31.52,
86914,3.24,0.07,8.85,-0.02,0.02,-0.01,24.81,996.6,139.58,31.47,
87025,3.23,0.02,8.61,-0.02,0.01,-0.01,24.81,996.59,139.62,31.44,
87138,3.35,0.09,8.63,-0.02,0.02,-0.01,24.81,996.6,139.53,31.44,
87250,3.25,0.1,8.67,-0.02,0.01,-0.02,24.81,996.61,139.49,31.44,
87363,3.17,0.08,8.78,-0.02,0.02,-0.01,24.81,996.62,139.39,31.44,
87476,3.25,0,8.74,-0.02,0.02,-0.01,24.81,996.64,139.21,31.43,
87587,3.22,0.06,8.68,-0.02,0.02,-0.02,24.81,996.62,139.6,31.44,
87700,3.3,0.04,8.7,-0.02,0.02,-0.01,24.81,996.63,139.3,31.44,
87813,3.21,0.08,8.83,-0.02,0.02,-0.01,24.81,996.61,139.47,31.44,
87925,3.2,0.02,8.79,-0.02,0.02,-0.01,24.81,996.6,139.52,31.44,
88037,3.26,0,8.8,-0.02,0.02,-0.01,24.81,996.62,139.36,31.44,
88150,3.29,-0.08,8.72,-0.02,0.01,-0.01,24.81,996.62,139.43,31.43,
88263,3.21,0.01,8.7,-0.02,0.01,-0.01,24.81,996.59,139.62,31.55,
88375,3.25,-0.02,8.72,-0.02,0.02,-0.01,24.81,996.58,139.7,31.43,
88488,3.32,-0.04,8.75,-0.02,0.02,-0.01,24.81,996.6,139.59,31.43,
88601,3.22,-0.01,8.75,-0.02,0.02,-0.01,24.81,996.61,139.51,31.44,
88715,3.28,0.06,8.65,-0.02,0.02,-0.01,24.81,996.62,139.37,31.44,
88826,3.25,0.07,8.82,-0.03,0.01,-0.01,24.81,996.58,139.7,31.43,
88939,3.23,0.03,8.66,-0.02,0.02,-0.01,24.82,996.59,139.6,31.43,
89052,3.23,0.06,8.84,-0.02,0.01,-0.01,24.82,996.61,139.5,31.47,
89164,3.32,0,8.66,-0.02,0.02,-0.01,24.82,996.58,139.68,31.44,
89276,3.23,0.13,8.78,-0.02,0.02,-0.01,24.82,996.58,139.77,31.43,
89389,3.23,0.01,8.75,-0.03,0.02,-0.01,24.81,996.59,139.66,31.44,
89501,3.25,0.02,8.7,-0.03,0.02,-0.01,24.82,996.58,139.76,31.43,
89614,3.18,0.09,8.79,-0.02,0.02,-0.01,24.82,996.59,139.63,31.43,
89726,3.27,0.02,8.73,-0.02,0.02,-0.01,24.82,996.58,139.73,31.49,
89838,3.27,0.08,8.71,-0.03,0.01,-0.01,24.82,996.6,139.55,31.43,
89951,3.31,0,8.74,-0.02,0.02,-0.01,24.82,996.58,139.71,31.43,
90063,3.28,0.02,8.68,-0.02,0.02,-0.01,24.82,996.57,139.79,31.43,
90176,3.2,0.02,8.69,-0.02,0.02,-0.01,24.82,996.59,139.63,31.43,
90289,3.23,0.01,8.8,-0.02,0.02,-0.01,24.82,996.61,139.44,31.44,
90400,3.25,0.04,8.69,-0.02,0.01,-0.01,24.82,996.59,139.68,31.39,
90513,3.26,0.05,8.77,-0.03,0.02,-0.01,24.82,996.56,139.86,31.42,
90626,3.28,0.09,8.71,-0.02,0.01,-0.01,24.82,996.59,139.6,31.43,
90738,3.24,0.08,8.72,-0.02,0.02,-0.01,24.82,996.59,139.68,31.43,
90851,3.31,0.08,8.72,-0.02,0.01,-0.01,24.82,996.59,139.63,31.43,
90962,3.31,0.02,8.71,-0.03,0.02,-0.01,24.82,996.59,139.68,31.43,
91075,3.28,0.07,8.68,-0.02,0.01,-0.01,24.83,996.59,139.65,31.43,
91188,3.29,0.03,8.78,-0.02,0.02,-0.01,24.83,996.58,139.77,31.4,
91300,3.21,0.13,8.73,-0.02,0.02,-0.01,24.82,996.56,139.88,31.43,
91413,3.23,0.05,8.7,-0.02,0.01,-0.01,24.82,996.55,139.99,31.43,
91525,3.23,0.03,8.75,-0.02,0.02,-0.01,24.82,996.54,140.09,31.43,
91637,3.3,0.03,8.6,-0.02,0.02,-0.01,24.83,996.55,140,31.43,
91750,3.26,0,8.65,-0.02,0.02,-0.01,24.82,996.56,139.9,31.43,
91863,3.25,0,8.74,-0.02,0.02,-0.01,24.83,996.56,139.92,31.38,
91975,3.21,0.02,8.68,-0.02,0.02,-0.01,24.83,996.56,139.89,31.44,
92088,3.26,0.01,8.74,-0.02,0.01,-0.01,24.82,996.55,139.97,31.43,
92200,3.29,0.02,8.77,-0.03,0.02,-0.01,24.82,996.56,139.91,31.43,
92312,3.23,0.09,8.71,-0.02,0.01,-0.01,24.82,996.55,139.95,31.42,
92425,3.25,0.02,8.76,-0.02,0.02,-0.01,24.83,996.58,139.76,31.42,
92537,3.3,0.06,8.74,-0.02,0.01,-0.01,24.83,996.56,139.89,31.42,
92650,3.26,0.08,8.7,-0.02,0.02,-0.01,24.83,996.54,140.02,31.39,
92763,3.22,0,8.76,-0.02,0.01,-0.01,24.83,996.54,140.02,31.43,
92874,3.21,0,8.68,-0.02,0.02,-0.01,24.83,996.53,140.11,31.42,
92987,3.24,-0.03,8.75,-0.02,0.02,-0.01,24.83,996.53,140.18,31.42,
93101,3.24,0.07,8.68,-0.03,0.01,-0.01,24.83,996.53,140.11,31.42,
93212,3.24,-0.01,8.67,-0.03,0.02,-0.01,24.83,996.54,140.06,31.42,
93326,3.27,0.01,8.72,-0.02,0.02,-0.01,24.83,996.57,139.84,31.42,
93438,3.23,0.03,8.64,-0.02,0.01,-0.01,24.83,996.52,140.24,31.39,
93550,3.24,0.05,8.6,-0.02,0.02,-0.01,24.83,996.52,140.24,31.42,
93663,3.31,-0.01,8.71,-0.02,0.01,-0.01,24.83,996.55,139.97,31.42,
93776,3.3,0,8.72,-0.02,0.02,-0.01,24.83,996.53,140.12,31.43,
93888,3.32,0.09,8.66,-0.02,0.02,-0.01,24.83,996.55,139.96,31.41,
94001,3.24,0.09,8.7,-0.02,0.01,-0.02,24.83,996.51,140.35,31.41,
94113,3.28,0.03,8.69,-0.02,0.02,-0.01,24.83,996.53,140.15,31.4,
94226,3.25,0.04,8.69,-0.02,0.02,-0.01,24.83,996.54,140.02,31.42,
94339,3.29,0.03,8.61,-0.03,0.02,-0.01,24.83,996.53,140.13,31.41,
94450,3.17,0.05,8.76,-0.02,0.02,-0.01,24.83,996.56,139.93,31.42,
94563,3.32,0.01,8.7,-0.02,0.02,-0.01,24.83,996.57,139.83,31.41,
94675,3.2,0.01,8.74,-0.02,0.02,-0.01,24.84,996.55,139.99,31.42,
94788,3.21,0,8.81,-0.02,0.01,-0.02,24.84,996.56,139.9,31.47,
94900,3.32,0.02,8.79,-0.03,0.02,-0.01,24.83,996.54,140.06,31.41,
95012,3.28,-0.01,8.73,-0.02,0.02,-0.01,24.83,996.54,140.06,31.42,
95126,3.24,0.06,8.78,-0.02,0.02,-0.02,24.83,996.52,140.25,31.42,
95238,3.3,0.06,8.71,-0.02,0.02,-0.02,24.84,996.53,140.18,31.42,
95350,3.27,0,8.7,-0.02,0.02,-0.02,24.84,996.53,140.15,31.42,
95463,3.26,-0.01,8.7,-0.03,0.01,-0.01,24.84,996.55,139.95,31.43,
95576,3.11,0.26,8.74,-0.02,0.02,-0.01,24.84,996.55,140.01,31.46,
95688,3.24,-0.01,8.8,-0.02,0.01,-0.01,24.84,996.53,140.15,31.41,
95802,3.28,0,8.71,-0.02,0.02,-0.01,24.84,996.51,140.28,31.42,
95913,3.28,0.06,8.75,-0.03,0.02,-0.02,24.84,996.53,140.15,31.42,
96026,3.26,0.04,8.71,-0.03,0.02,-0.01,24.84,996.53,140.14,31.41,
96139,3.32,0.02,8.74,-0.02,0.02,-0.01,24.84,996.49,140.51,31.41,
96251,3.21,-0.01,8.78,-0.02,0.02,-0.01,24.84,996.52,140.24,31.39,
96364,3.24,0,8.71,-0.02,0.02,-0.01,24.84,996.53,140.15,31.42,
96477,3.25,0.03,8.64,-0.02,0.02,-0.01,24.83,996.5,140.42,31.42,
96589,3.2,0.03,8.68,-0.02,0.02,-0.01,24.83,996.52,140.21,31.41,
96702,3.19,0.04,8.82,-0.02,0.01,-0.01,24.84,996.52,140.22,31.41,
96814,3.18,0.08,8.79,-0.03,0.01,-0.01,24.84,996.52,140.23,31.41,
96926,3.19,0.08,8.82,-0.02,0.02,-0.02,24.85,996.53,140.18,31.44,
97039,3.26,0.11,8.67,-0.02,0.02,-0.01,24.85,996.53,140.42,31.38,
97152,3.3,-0.01,8.7,-0.02,0.02,-0.02,24.84,996.5,140.39,31.41,
97264,3.23,0.05,8.82,-0.02,0.02,-0.01,24.84,996.47,140.65,31.41,
97377,3.27,0.03,8.77,-0.02,0.02,-0.01,24.85,996.49,140.44,31.41,
97489,3.27,0.01,8.63,-0.02,0.01,-0.01,24.85,996.48,140.56,31.41,
97601,3.26,0.07,8.78,-0.02,0.02,-0.01,24.85,996.52,140.21,31.41,
97714,3.25,0,8.7,-0.03,0.02,-0.01,24.85,996.5,140.37,31.34,
97827,3.17,0,8.8,-0.02,0.02,-0.02,24.85,996.5,140.39,31.4,
97940,3.31,0,8.74,-0.02,0.02,-0.01,24.85,996.47,140.61,31.4,
98053,3.29,-0.07,8.81,-0.02,0.02,-0.01,24.85,996.48,140.57,31.4,
98166,3.3,-0.08,8.67,-0.02,0.02,-0.01,24.85,996.51,140.28,31.4,
98279,3.42,0.04,8.66,-0.02,0.02,-0.02,24.85,996.5,140.39,31.4,
98392,3.51,-0.04,8.73,-0.02,0.02,-0.01,24.85,996.51,140.29,31.37,
98504,3.34,-0.07,8.75,-0.02,0.01,-0.01,24.85,996.51,140.28,31.4,
98618,3.25,0.07,8.74,-0.02,0.01,-0.02,24.85,996.51,140.28,31.39,
98731,3.06,-0.03,8.75,-0.02,0.02,0,24.85,996.53,140.16,31.38,
98843,3.22,0.03,8.64,-0.02,0.01,-0.01,24.85,996.51,140.3,31.39,
98956,3.27,-0.01,8.73,-0.02,0.01,-0.01,24.85,996.48,140.56,31.38,
99068,3.33,0.04,8.72,-0.02,0.02,-0.01,24.86,996.49,140.47,31.38,
99181,3.24,0.08,8.75,-0.02,0.01,-0.01,24.86,996.5,140.43,31.37,
99294,3.28,0.04,8.66,-0.02,0.01,-0.02,24.85,996.52,140.2,31.38,
99406,3.25,0.07,8.68,-0.03,0.01,-0.01,24.85,996.48,140.54,31.38,
99518,3.26,0.05,8.73,-0.02,0.02,-0.01,24.85,996.49,140.44,31.38,
99631,3.29,0.01,8.66,-0.02,0.01,-0.01,24.85,996.48,140.53,31.38,
99743,3.21,0.03,8.68,-0.02,0.02,-0.01,24.86,996.48,140.6,31.37,
99856,3.26,0.05,8.76,-0.03,0.02,-0.02,24.86,996.48,140.57,31.27,
99969,3.2,0,8.67,-0.02,0.02,-0.01,24.86,996.5,140.4,31.38,
100080,3.25,-0.02,8.71,-0.02,0.02,-0.04,24.85,996.5,140.38,31.38,
100195,3.31,-0.01,8.71,-0.04,0.01,-0.05,24.86,996.49,140.47,31.37,
100308,3.25,0.12,8.72,-0.02,0.02,-0.02,24.86,996.48,140.6,31.37,
100422,3.29,0.04,8.65,-0.02,0.02,-0.01,24.86,996.49,140.51,31.37,
100535,3.3,0.11,8.78,-0.02,0.02,-0.01,24.86,996.5,140.37,31.4,
100648,3.21,0.03,8.7,-0.02,0.02,-0.01,24.86,996.5,140.43,31.4,
100761,3.28,0.01,8.75,-0.02,0.01,-0.02,24.86,996.49,140.51,31.38,
100874,3.68,0.17,8.15,-0.05,0.01,-0.17,24.86,996.47,140.66,31.38,
100987,3.51,0.08,8.61,-0.03,0.02,-0.02,24.86,996.48,140.59,31.38,
101100,3.34,-0.07,8.64,-0.04,0.02,-0.06,24.86,996.5,140.42,31.38,
101215,6.8,5.87,14.38,0.28,2.4,0.36,24.86,996.49,140.51,31.38,
101327,-2.8,-5.49,19.61,0.16,-0.86,-0.5,24.86,1032.16,140.52,31.39,
101444,-1.98,-6.69,0.05,-0.03,0.53,-2.19,24.88,1027.14,-115,31.6,
101562,5.48,0.36,2.79,0.02,0.01,-0.03,24.89,995.67,147.44,31.39,
101675,4.22,-0.21,6.33,-0.07,0,0.04,24.9,993.62,164.7,31.24,
101787,6.37,0.47,9.12,0.13,0.05,0.06,24.9,991.89,179.38,31.16,
101900,4.92,0.22,8.31,0.04,-0.11,0.05,24.89,991.32,184.18,31.11,
102012,15.33,3.58,19.05,-0.02,0.06,-0.24,24.87,993.47,165.97,31.26,
102127,5.74,-1.08,7.88,0.18,0.06,0.03,24.86,995.65,147.55,31.75,
102240,-9.37,-7.59,-1.12,0.93,0.57,-1.16,24.86,994.99,153.19,31.97,
102354,19.61,7.78,19.61,-0.38,0.42,0.86,24.85,996.47,140.67,32.22,
102469,5.86,-0.57,7.3,-0.03,0.06,-0.11,24.85,996.52,140.22,32.43,
102583,5.14,0.61,8.04,-0.01,0,-0.03,24.86,996.52,140.22,32.62,
102697,4.79,0.6,8.24,-0.02,0.01,0,24.86,996.5,140.38,33.03,
102810,4.7,0.44,8.29,-0.04,0.01,-0.02,24.86,996.49,140.46,33.23,
102924,4.78,0.73,8.14,-0.03,0.02,-0.01,24.86,996.48,140.59,33.43,
103036,4.81,0.65,7.99,-0.02,0.02,0,24.86,996.49,140.46,33.62,
103149,4.82,0.6,8.06,-0.02,0.01,-0.02,24.86,996.5,140.37,33.78,
103262,4.84,0.62,7.88,-0.02,0.01,-0.02,24.86,996.51,140.34,33.96,
103375,4.88,0.63,7.96,-0.01,0.02,0,24.86,996.48,140.6,34.02,
103488,4.77,0.6,8.11,-0.03,0.02,-0.02,24.86,996.47,140.64,34.33,
103601,4.79,0.61,8.05,-0.03,0.01,-0.02,24.86,996.48,140.53,34.43,
103713,4.77,0.64,8.04,-0.02,0.02,-0.01,24.86,996.49,140.46,34.53,
103827,4.8,0.62,8.09,-0.03,0.01,-0.01,24.86,996.5,140.38,34.62,
103940,4.74,0.57,8.07,-0.03,0.02,-0.02,24.87,996.51,140.27,34.69,
104053,4.88,0.68,8.13,-0.02,0.01,-0.01,24.86,996.51,140.35,34.76,
104166,4.78,0.62,8.12,-0.02,0.02,-0.01,24.87,996.49,140.5,34.91,
104280,4.78,0.62,8.06,-0.03,0.02,-0.01,24.86,996.51,140.28,34.96,
104392,4.75,0.6,8,-0.02,0.02,-0.01,24.86,996.47,140.69,35.02,
104505,4.98,0.72,7.85,-0.02,0.01,0,24.86,996.48,140.6,35.08,
104619,4.87,0.74,7.97,-0.02,0.02,-0.02,24.87,996.48,140.58,35.11,
104731,4.79,0.72,8.06,-0.02,0.01,-0.01,24.87,996.49,140.5,35.15,
104845,4.86,0.55,7.98,-0.02,0.02,-0.02,24.87,996.51,140.36,35.23,
104957,4.6,0.49,7.64,-0.06,0.05,-0.06,24.87,996.5,140.38,35.25,
105071,3.46,-1.9,7.21,0.02,-0.07,-0.45,24.87,996.48,140.6,35.29,
105185,4.98,0.83,7.83,-0.02,0.02,-0.01,24.87,996.49,140.47,35.32,
105298,4.48,0.39,7.62,-0.06,-0.02,-0.14,24.87,996.47,140.67,35.35,
105412,4.76,0.8,8.09,-0.03,0.01,-0.01,24.87,996.49,140.52,35.28,
105525,4.39,0.74,7.21,-0.18,0,-0.32,24.87,996.46,140.71,35.4,
105639,2.8,-2.57,7.29,-0.16,-0.37,-0.31,24.87,996.37,141.47,35.42,
105754,4.59,0.96,7.72,-0.06,0.12,-0.08,24.87,996.52,140.27,35.44,
105868,4.64,0.94,7.57,-0.08,0.02,-0.11,24.88,996.47,140.66,35.45,
105980,5.61,2.46,9.39,0.15,-0.18,0.03,24.88,996.48,140.53,35.46,
106093,4.4,0.99,8.89,-0.07,-0.02,0.07,24.87,996.43,141,35.39,
106207,3.63,0.89,6.73,-0.09,0.32,0,24.88,996.48,140.53,35.48,
106319,4.79,0.82,8.22,-0.03,0.02,-0.03,24.87,996.52,140.25,35.52,
106432,4.18,0.07,8.23,0,-0.01,-0.07,24.88,996.48,140.54,35.53,
106546,5.45,1,8.71,-0.03,-0.04,-0.08,24.88,996.5,140.42,35.55,
106659,4.56,0.36,7.7,-0.06,0.14,0,24.88,996.47,140.62,35.55,
106773,5.06,0.68,8.92,-0.03,0.04,-0.01,24.89,996.47,140.69,35.62,
106886,4.82,0.87,8.33,-0.03,0.01,-0.07,24.88,996.49,140.44,35.55,
106999,12.03,0.65,15.99,0.4,-0.26,0.05,24.88,996.39,141.36,35.6,
107113,5.02,1.39,7.57,-0.01,-0.02,0.02,24.88,996.52,140.21,35.61,
107227,4.89,0.9,7.35,-0.04,0.05,-0.04,24.88,996.52,140.19,35.63,